cycle,min_spd,max_spd,uniform_spd,dynamic_spd,uniform_pct,dynamic_pct,excess_pct,strategy
2013–2016,88110.9878443798,7529776.418220732,586151.9254198717,596331.1504334172,6.692600496960317,6.829387417963169,0.1367869210028516,dynamic_dca
2017–2020,3445.582199456053,126852.89971468727,22577.028797738934,24968.977694417776,15.50268410616869,17.440939425901753,1.938255319733063,dynamic_dca
2021–2024,942.365753171304,6345.865691303295,2853.4853169292055,3483.3215794122984,35.36817961764579,47.02425937510814,11.65607975746235,dynamic_dca
2013–2016,88110.9878443798,7529776.418220732,586151.9254198717,586151.9254198717,6.692600496960317,6.692600496960317,0.0,uniform_dca
2017–2020,3445.582199456053,126852.89971468727,22577.028797738934,22577.02879773893,15.50268410616869,15.502684106168688,-1.7763568394002505e-15,uniform_dca
2021–2024,942.365753171304,6345.865691303295,2853.4853169292055,2853.4853169292055,35.36817961764579,35.36817961764579,0.0,uniform_dca
