strategy,min_spd,max_spd,mean_spd,median_spd,min_pct,max_pct,mean_pct,median_pct,avg_excess_pct
dynamic_dca,3483.3215794122984,596331.1504334172,208261.14990241578,24968.977694417776,6.829387417963169,47.02425937510814,23.76486207299102,17.440939425901753,4.577040666066089
uniform_dca,2853.4853169292055,586151.9254198717,203860.81317817993,22577.02879773893,6.692600496960317,35.36817961764579,19.18782140692493,15.502684106168688,-5.921189464667501e-16
